tema,recurso,url
Etapa 1 · Conectarte a datos.gov.co (API),Consulta de datos.gov.co con sodapy,https://github.com/ANCP-CCE-Analitica/datos_abiertos/blob/main/SOCRATA_Consulta.ipynb
Etapa 1 · Conectarte a datos.gov.co (API),Tutorial: conectarse a la API de resultados del Icfes,https://ccamilocristian.github.io/posts/icfes-conexion-api/
Etapa 1 · Conectarte a datos.gov.co (API),Aplicación de EDA para datasets de datos.gov.co,https://github.com/MPalma21/eda-colombia-shiny
Etapa 2 · Limpieza y ETL,ETL paso a paso con pandas,https://github.com/Miinaaann/ETL-Pandas/blob/main/01_ETL_Sensor_Data_Tutorial.ipynb
Etapa 2 · Limpieza y ETL,"Limpieza con faltantes, duplicados y atípicos (IQR)",https://github.com/JanarthanKumar/Data-Cleaning-Visualization-Project/blob/main/Data%20Cleaning%20%26%20Visualization%20Project.ipynb
Etapa 2 · Limpieza y ETL,Limpieza de datos,https://github.com/sebastian2509052-cmd/analisis_exploratorio/blob/main/1_limpieza_de_datos.ipynb
Etapa 2 · Limpieza y ETL,Consolidación de varias fuentes en un solo dataset,https://1drv.ms/f/c/df54b38ff25a092a/IgAzkMU79uGnQoQRs9Ip1JX1AY4MyOQq093GCbSuJpRCQEM?e=XQls5e
Etapa 2 · EDA univariado y bivariado,EDA completo de un dataset,https://github.com/sebastian2509052-cmd/analisis_exploratorio/blob/main/2_eda_imdb.ipynb
Etapa 2 · EDA univariado y bivariado,EDA y selección de factores,https://github.com/JDAG-SUP/mineria-de-datos-jd-y-dm/blob/main/notebooks/01_EDA_Seleccion_Factores.ipynb
Etapa 2 · EDA univariado y bivariado,Exploración del dataset,https://1drv.ms/f/c/df54b38ff25a092a/IgAzkMU79uGnQoQRs9Ip1JX1AY4MyOQq093GCbSuJpRCQEM?e=XQls5e
Etapa 2 · EDA multivariado,"Correlaciones, chi-cuadrado y análisis por subgrupos",https://github.com/SaharSun/Heart_Disease-eda/blob/main/Heart_Disease.ipynb
Etapa 2 · EDA multivariado,Multicolinealidad con VIF,https://github.com/aayushi-droid/Multicollinearity-in-Regression-Analysis/blob/master/Multicollinearity%20Notebook.ipynb
Etapa 2 · EDA multivariado,Correlación y VIF en un caso de precios,https://github.com/LAXMI15PRIYA/house-price-prediction/blob/main/notebooks/house_price_analysis.ipynb
Etapa 2 · EDA cuando hay fechas,Tendencia y estacionalidad en demanda de energía,https://github.com/agrawalvanshika/Hourly-Energy-Consumption/blob/main/Notebooks/01_Data_Loading_and_Exploratory_Data_Analysis.ipynb
Etapa 2 · EDA cuando hay fechas,Descomposición de una serie de tiempo,https://github.com/Ameen2488/time-series-feature-engineering/blob/main/notebooks/03_decomposition.ipynb
Etapa 2 · Ingeniería de características,Rezagos,https://github.com/Ameen2488/time-series-feature-engineering/blob/main/notebooks/06_lag_features.ipynb
Etapa 2 · Ingeniería de características,ventanas móviles,https://github.com/Ameen2488/time-series-feature-engineering/blob/main/notebooks/07_window_features.ipynb
Etapa 2 · Ingeniería de características,Variables de rezago y ventana sin fuga,https://github.com/sidharthmenon626-lab/demand-forecasting-ml/blob/main/notebooks/02_features.ipynb
Etapa 2 · Ingeniería de características,Variables de calendario y LightGBM,https://github.com/agrawalvanshika/Hourly-Energy-Consumption/blob/main/Notebooks/03_Feature_Engineering_and_LightGBM.ipynb
Etapa 2 · Selección de variables,"Boruta, RFE, información mutua y Lasso",https://github.com/trizkynoviandy/feature-selection-guide/blob/main/fs_guide.ipynb
Etapa 2 · Selección de variables,"RFE, Lasso y SelectKBest en un caso real",https://github.com/nic-stack/DAV6150-Data-Science-Portfolio/blob/main/02-feature-selection-news-popularity/news_popularity_feature_selection.ipynb
Etapa 3 · Validación sin fuga y desbalance,Pipeline con TimeSeriesSplit para evitar fuga,https://github.com/Ameen2488/time-series-feature-engineering/blob/main/notebooks/02_ml_pipeline_leakage.ipynb
Etapa 3 · Validación sin fuga y desbalance,SMOTE aplicado solo en entrenamiento,https://github.com/kohjiaxuan/Fraud-Detection-Pipeline/blob/master/OVER02.%20Model%20building%20with%20naive%20sample%20and%20SMOTE.ipynb
Etapa 3 · Validación sin fuga y desbalance,"SMOTE, ensambles de votación y apilamiento",https://github.com/Ruchadhage/customer-churn-using-shap-explainability/blob/master/customer_churn.ipynb
Etapa 3 · Batería de modelos,"Regresión logística, SVM, Random Forest y XGBoost con pipelines",https://github.com/ShienTioh/Machine-Learning-Model-Comparison/blob/main/notebooks/COGS_118A_model_comparison.ipynb
Etapa 3 · Batería de modelos,Cinco clasificadores comparados en cuatro datasets,https://github.com/kshtwr/Evaluating-Classifiers/blob/main/Final%20Project%20Code.ipynb
Etapa 3 · Batería de modelos,Modelado predictivo y validación,https://github.com/JDAG-SUP/mineria-de-datos-jd-y-dm/blob/main/notebooks/02_Modelado_Predictivo.ipynb
Etapa 3 · Batería de modelos,Batería de modelos de regresión con particiones 80-20 y 90-10 y análisis comparativo,https://1drv.ms/f/c/df54b38ff25a092a/IgAzkMU79uGnQoQRs9Ip1JX1AY4MyOQq093GCbSuJpRCQEM?e=XQls5e
Etapa 3 · Optimización de hiperparámetros,XGBoost optimizado con Optuna,https://github.com/ghanmi-hamza/Hyperparameter_Tuning_Using_Optuna/blob/master/xgboost-hyperparameter-tuning-using-optuna.ipynb
Etapa 3 · Optimización de hiperparámetros,Un cuaderno por modelo de árboles con búsqueda de hiperparámetros,https://github.com/TAMIM-IQBAL0110/tree-based-ml-and-hyperparameter-tuning
Etapa 3 · Optimización de hiperparámetros,Optimización de hiperparámetros de los modelos de regresión,https://1drv.ms/f/c/df54b38ff25a092a/IgAzkMU79uGnQoQRs9Ip1JX1AY4MyOQq093GCbSuJpRCQEM?e=XQls5e
Etapa 3 · Modelos para series de tiempo,"Línea base, LightGBM, comparación final y LSTM",https://github.com/agrawalvanshika/Hourly-Energy-Consumption/tree/main/Notebooks
Etapa 3 · Modelos para series de tiempo,"EDA, preprocesamiento, SARIMA y LSTM",https://github.com/AravindLN123/Energy-Demand-Forecasting-SARIMA-LSTM-/tree/main/Code
Etapa 3 · Modelos para series de tiempo,XGBoost y CatBoost con rezagos,https://github.com/jorgegalanr/energy-forecasting-xgboost-catboost/blob/main/notebooks/energy_forecasting.ipynb
Etapa 3 · Modelos para series de tiempo,Proyecto completo de pronóstico de demanda de energía,https://1drv.ms/f/c/df54b38ff25a092a/IgB0d5ngpDuxTo8RsAzvGPAhAckFFgB6EDD5I4u4dFkLDGw?e=fWUpgq
"Etapa 3 · Enfoque descriptivo: modelo dimensional, KPIs y dashboard",ETL a un esquema estrella (dimensiones y hechos),https://github.com/tayssermahmoud4-del/central-superstore-data-warehouse/blob/main/notebooks/etl_load_to_sql_server.ipynb
"Etapa 3 · Enfoque descriptivo: modelo dimensional, KPIs y dashboard","Limpieza, KPIs, RFM y dashboard en Streamlit",https://github.com/dgh19981102-max/ecommerce-sales-analytics-dashboard
"Etapa 3 · Enfoque descriptivo: modelo dimensional, KPIs y dashboard","Esquema estrella con SQL, Python y Power BI",https://github.com/Franchutech/sql-star-schema-retail
Etapa 4 · Comparación estadística de modelos,Friedman y diagrama de diferencia crítica,https://gist.github.com/milenamonteiro/33ea5223c7cd43cabd71fc96375908c1
Etapa 4 · Comparación estadística de modelos,explicación paso a paso,https://dev.to/milenamonteiro/comparing-machine-learning-algorithms-using-friedman-test-and-critical-difference-diagrams-in-python-10a9
Etapa 4 · Comparación estadística de modelos,"Friedman, Wilcoxon-Holm y diagrama de diferencia crítica",https://github.com/hfawaz/cd-diagram
Etapa 4 · Explicabilidad con SHAP,SHAP global y de casos individuales,https://github.com/InfinitePraveen/Churn-Prediction-SHAP/blob/main/notebooks/02_shap_explainability.ipynb
Etapa 4 · Explicabilidad con SHAP,"Pruebas estadísticas, XGBoost y SHAP",https://github.com/notzenotz/bank-churn-prediction/blob/main/bank_churn_analysis.ipynb
Etapa 4 · Explicabilidad con SHAP,Gráficos resumen y de dependencia,https://github.com/tiggachris/churn-xgboost-shap/blob/main/model%20(1).ipynb
Etapa 4 · Importancia por permutación (para contrastar con SHAP),Importancia por permutación con variables correlacionadas,https://github.com/wiherreira/XAI-CounterfactualExplanations/blob/master/project_plot_permutation_importance_multicollinear.ipynb
Etapa 4 · Intervalos de confianza de las métricas,Bootstrap para métricas de clasificación,https://github.com/aws-samples/confidence-intervals-for-ml-metrics-tutorials/blob/main/classification-tasks.ipynb
Etapa 4 · Intervalos de confianza de las métricas,Intervalos con bootstrapping,https://github.com/luferrer/ConfidenceIntervals/blob/main/confidence_intervals_with_bootstrapping.ipynb
Etapa 4 · Intervalos de confianza de las métricas,Bootstrap dentro de un proyecto completo,https://github.com/JuancarlosPG2004/Credit-Score-Classification/blob/main/Report_notebook.ipynb
Etapa 5 (opcional) · Contrafactuales y equidad,Contrafactuales con DiCE,https://github.com/wiherreira/XAI-CounterfactualExplanations/blob/master/3_DiCE_explainer_on_Adult_Dataset.ipynb
Etapa 5 (opcional) · Contrafactuales y equidad,Equidad de un modelo de crédito con Fairlearn,https://github.com/gayathrick2007-max/fairloan/blob/main/FairLoan.ipynb
Etapa 5 (opcional) · Contrafactuales y equidad,Auditorías de sesgo en varios dominios,https://github.com/Yipjunwei/Fair-Code/tree/main/notebooks
Etapa 6 (opcional) · Despliegue,Despliegue con Streamlit,https://github.com/JDAG-SUP/mineria-de-datos-jd-y-dm/blob/main/notebooks/03_Despliegue_Streamlit.ipynb
Etapa 6 (opcional) · Despliegue,App de pronóstico en Streamlit,https://github.com/AravindLN123/Energy-Demand-Forecasting-SARIMA-LSTM-/blob/main/Code/streamlit_app.py
Etapa 6 (opcional) · Despliegue,API con FastAPI y modelo calibrado,https://github.com/MarlonPC32/credit-default-decision-service
